supplier,part_ref,description,map,scan
Greenline Garden Supplies Ltd,GL-201,Bamboo Garden Kneeler,12.99,supplier_price_lists/greenline_price_list.pdf
Greenline Garden Supplies Ltd,GL-202,Stainless Hand Trowel,9.49,supplier_price_lists/greenline_price_list.pdf
Greenline Garden Supplies Ltd,GL-203,Stainless Hand Fork,7.49,supplier_price_lists/greenline_price_list.pdf
Greenline Garden Supplies Ltd,GL-204,Bypass Pruning Shears,15.99,supplier_price_lists/greenline_price_list.pdf
Greenline Garden Supplies Ltd,GL-205,Garden Kneeling Pad,8.99,supplier_price_lists/greenline_price_list.pdf
Greenline Garden Supplies Ltd,GL-206,Long-handled Edging Knife,18.99,supplier_price_lists/greenline_price_list.pdf
Greenline Garden Supplies Ltd,GL-301,Organic Herb Seeds - Basil,1.99,supplier_price_lists/greenline_price_list.pdf
Greenline Garden Supplies Ltd,GL-302,Organic Herb Seeds - Parsley,1.99,supplier_price_lists/greenline_price_list.pdf
Greenline Garden Supplies Ltd,GL-303,Organic Herb Seeds - Coriander,1.99,supplier_price_lists/greenline_price_list.pdf
Greenline Garden Supplies Ltd,GL-304,Organic Herb Seeds - Dill,1.99,supplier_price_lists/greenline_price_list.pdf
Greenline Garden Supplies Ltd,GL-410,Gardening Gloves - Children's,4.99,supplier_price_lists/greenline_price_list.pdf
Greenline Garden Supplies Ltd,GL-411,Gardening Gloves - Adult,6.99,supplier_price_lists/greenline_price_list.pdf
Greenline Garden Supplies Ltd,GL-412,Leather Rigger Gloves,8.49,supplier_price_lists/greenline_price_list.pdf
Greenline Garden Supplies Ltd,GL-501,Wild Bird Seed Mix 2kg,5.49,supplier_price_lists/greenline_price_list.pdf
Hearth & Home Wholesale,HH-501,Soy Wax Candle - Fig,9.99,supplier_price_lists/hearth_home_price_list.pdf
Hearth & Home Wholesale,HH-502,Soy Wax Candle - Cedar,9.99,supplier_price_lists/hearth_home_price_list.pdf
Hearth & Home Wholesale,HH-503,Soy Wax Candle - Linen,9.99,supplier_price_lists/hearth_home_price_list.pdf
Hearth & Home Wholesale,HH-504,Soy Wax Candle - Amber,9.99,supplier_price_lists/hearth_home_price_list.pdf
Hearth & Home Wholesale,HH-610,Wool Throw - Charcoal,34.99,supplier_price_lists/hearth_home_price_list.pdf
Hearth & Home Wholesale,HH-611,Wool Throw - Oat,34.99,supplier_price_lists/hearth_home_price_list.pdf
Hearth & Home Wholesale,HH-612,Wool Throw - Sage,34.99,supplier_price_lists/hearth_home_price_list.pdf
Hearth & Home Wholesale,HH-720,Hanging Bird Feeder,15.99,supplier_price_lists/hearth_home_price_list.pdf
Hearth & Home Wholesale,HH-801,LED Solar Lantern,24.99,supplier_price_lists/hearth_home_price_list.pdf
Hearth & Home Wholesale,HH-802,Solar Fairy Lights,14.99,supplier_price_lists/hearth_home_price_list.pdf
Hearth & Home Wholesale,HH-803,Solar Stake Lights (6),17.99,supplier_price_lists/hearth_home_price_list.pdf
Terracotta Trading Co,TT-110,Glazed Plant Pot - Small,8.99,supplier_price_lists/terracotta_trading_price_list.pdf
Terracotta Trading Co,TT-111,Glazed Plant Pot - Medium,13.99,supplier_price_lists/terracotta_trading_price_list.pdf
Terracotta Trading Co,TT-112,Glazed Plant Pot - Large,24.99,supplier_price_lists/terracotta_trading_price_list.pdf
Terracotta Trading Co,TT-113,Glazed Plant Pot - XL,32.99,supplier_price_lists/terracotta_trading_price_list.pdf
Terracotta Trading Co,TT-130,Coir Doormat,19.99,supplier_price_lists/terracotta_trading_price_list.pdf
Terracotta Trading Co,TT-131,Rubber Boot Tray,11.99,supplier_price_lists/terracotta_trading_price_list.pdf
