stock_code,title,variant,vat_code,net_price,gross_price,map,shopify_price,correct_barcode,barcode_source,qty_in_stock,qty_allocated,available,active,weight_kg,shopify_product_id,shopify_variant_id,shopify_inventory_item_id,amazon_skus,fba_fulfillable,notes
NHG-1001,Glazed Plant Pot,Small,T1,7.50,9.00,8.99,8.99,5060213450011,sage,31,5,26,Yes,1.2,8100000101,4400000201,4600000301,NHG-1001,,stocktake: qty_in_stock 40 -> 31
NHG-1002,Glazed Plant Pot,Medium,T1,11.25,13.50,13.99,13.99,5060213450028,sage,25,3,22,Yes,2.4,8100000101,4400000208,4600000312,nhg-1002,,Shopify SKU 'nhg-1002' corrected to NHG-1002
NHG-1003,Glazed Plant Pot,Large,T1,18.33,22.00,24.99,24.99,5060213450035,shopify,12,0,12,Yes,4.8,8100000101,4400000215,4600000323,NHG-1003,,Sage barcode '5.06021E+12' unreadable (Excel scientific notation); MAP 24.99 raised price from 21.99 to 24.99; Shopify SKU 'NHG1003' corrected to NHG-1003
NHG-1010,Bamboo Garden Kneeler,Default Title,T1,10.83,13.00,12.99,12.99,5060213450103,sage,30,2,28,Yes,0.6,8100000114,4400000222,4600000334,NHG-1010,,
NHG-1011,Stainless Hand Trowel,Default Title,T1,6.25,7.50,10.99,10.99,5060213450110,sage,55,0,55,Yes,0.3,8100000127,4400000229,4600000345,NHG-1011;NHG-1011-X3,,MAP 10.99 raised price from 7.99 to 10.99; Shopify SKU 'nhg1011' corrected to NHG-1011
NHG-1012,Stainless Hand Fork,Default Title,T1,6.25,7.50,7.49,7.99,5060213450127,sage,48,1,47,Yes,0.3,8100000140,4400000236,4600000356,2J-W8KQ-7ZPA,,Shopify SKU blank; set to NHG-1012 (matched by barcode)
NHG-1013,Bypass Pruning Shears,Default Title,T1,12.49,14.99,13.99,14.99,5060213450134,sage,30,22,8,Yes,0.25,8100000153,4400000243,4600000367,NHG-1013,,stocktake: qty_in_stock 20 -> 30; Sage stock code has stray whitespace ('NHG-1013 '); Shopify SKU 'NHG-1013 ' corrected to NHG-1013
NHG-1020,Organic Herb Seeds,Basil,T0,1.65,1.65,1.99,1.99,5060213450202,sage,200,0,200,Yes,0.02,8100000166,4400000250,4600000378,NHG-1020;NHG-1020-X5,,
NHG-1021,Organic Herb Seeds,Parsley,T0,1.65,1.65,1.99,1.99,5060213450219,sage,180,4,176,Yes,0.02,8100000166,4400000257,4600000389,NHG-1021,,
NHG-1022,Organic Herb Seeds,Coriander,T0,1.65,1.65,1.99,1.99,5060213450226,sage,2,1,1,Yes,0.02,8100000166,4400000264,4600000400,,,stocktake: qty_in_stock 6 -> 2; Shopify SKU blank; set to NHG-1022 (matched by barcode)
NHG-1030,Herb Garden Starter Kit,Default Title,T1,19.17,23.00,,22.99,5060213450301,sage,0,0,1,Yes,1.6,8100000179,4400000271,4600000411,NHG-1030,,kit: available from components; own Sage stock ignored
NHG-1040,Soy Wax Candle,Fig,T1,8.33,10.00,9.99,9.99,5060213450400,sage,60,0,60,Yes,0.45,8100000192,4400000278,4600000422,NHG-1040-FBA,18,
NHG-1041,Soy Wax Candle,Cedar,T1,8.33,10.00,9.99,9.99,5060213450417,sage,12,0,12,Yes,0.45,8100000192,4400000285,4600000433,NHG-1041,,stocktake: qty_in_stock -4 -> 12
NHG-1042,Soy Wax Candle,Linen,T1,8.33,10.00,9.99,9.99,5060213450424,shopify,33,2,31,Yes,0.45,8100000192,4400000292,4600000444,NHG-1042,,Sage barcode wrong in Sage: belongs to NHG-1041 (shared barcode)
NHG-1050,Wool Throw,Charcoal,T1,32.50,39.00,34.99,38.99,5060213450509,shopify,14,1,13,Yes,1.1,8100000205,4400000299,4600000455,NHG-1050-FBA,3,Sage barcode '5.06021E+12' unreadable (Excel scientific notation)
NHG-1051,Wool Throw,Oat,T1,32.50,39.00,34.99,38.99,5060213450516,sage,0,0,0,Yes,1.1,8100000205,4400000306,4600000466,NHG-1051,,stocktake: qty_in_stock 9 -> 0
NHG-1060,Gardening Gloves,Children's,T0,4.99,4.99,4.99,4.99,5060213450608,sage,70,0,70,Yes,0.1,8100000218,4400000313,4600000477,7Q-ZX4M-PL2C,,Shopify barcode '' (blank) set to 5060213450608
NHG-1061,Gardening Gloves,Adult,T1,5.83,7.00,7.49,7.99,5060213450615,shopify,64,3,61,Yes,0.12,8100000218,4400000320,4600000488,NHG-1061,,Sage barcode wrong in Sage: invalid check digit (expected 5); MAP 7.49 raised price from 6.99 to 7.99
NHG-1070,Hanging Bird Feeder,Default Title,T1,13.75,16.50,15.99,16.99,5060213450707,sage,18,0,18,No,0.9,8100000231,4400000327,4600000499,NHG-1070;NHG-1070-FBA,0,"inactive in Sage: Shopify draft, inventory 0, Amazon FBM 0; inactive item still active on Shopify"
NHG-1071,Wild Bird Seed Mix 2kg,Default Title,T1,4.58,5.50,5.49,5.99,5060213450714,sage,90,6,84,Yes,2,8100000244,4400000334,4600000510,NHG-1071,,stocktake: qty_in_stock 90 -> 90; weight mismatch: Sage 2 kg vs Shopify 2.5 kg
NHG-1080,Coir Doormat,Default Title,T1,15.00,18.00,19.99,19.99,5060213450806,sage,26,0,26,Yes,2.1,8100000257,4400000341,4600000521,NHG-1080,,MAP 19.99 raised price from 17.99 to 19.99; weight mismatch: Sage 2.1 kg vs Shopify 1.2 kg
NHG-1081,Garden Kneeling Pad,Default Title,T1,7.49,8.99,8.99,8.99,5060213450813,shopify,41,0,41,Discontinued,0.4,8100000270,4400000348,4600000532,,,"Sage barcode wrong in Sage: missing in Sage; discontinued: Shopify archived, inventory 0, Amazon FBM 0"
NHG-1090,LED Solar Lantern,Default Title,T1,20.83,25.00,24.99,24.99,0841234509064,sage,22,2,20,Yes,0.9,8100000296,4400000362,4600000554,NHG-1090-FBA,15,Sage export barcode '841234509064' lost its leading zero in Excel; restored
NHG-1091,Solar Fairy Lights,Default Title,T1,12.49,14.99,14.99,14.99,5060213450912,sage,37,0,37,Yes,0.35,8100000309,4400000369,4600000565,NHG-1091,,Shopify barcode '5060213450913' (invalid check digit) set to 5060213450912
