variant_id,product_id,inventory_item_id,location_id,stock_code,role,current_sku,new_sku,current_price,new_price,current_barcode,new_barcode,current_inventory,new_inventory,current_status,new_status,changes
4400000201,8100000101,4600000301,7788001,NHG-1001,master,NHG-1001,NHG-1001,8.99,8.99,5060213450011,5060213450011,35,26,active,active,inventory
4400000208,8100000101,4600000312,7788001,NHG-1002,master,NHG-1002,NHG-1002,13.99,13.99,5060213450028,5060213450028,22,22,active,active,
4400000215,8100000101,4600000323,7788001,NHG-1003,master,NHG-1003,NHG-1003,24.99,24.99,5060213450035,5060213450035,12,12,active,active,
4400000222,8100000114,4600000334,7788001,NHG-1010,master,NHG-1010,NHG-1010,12.99,12.99,5060213450103,5060213450103,28,28,active,active,
4400000229,8100000127,4600000345,7788001,NHG-1011,master,NHG-1011,NHG-1011,9.99,10.99,5060213450110,5060213450110,55,55,active,active,price
4400000236,8100000140,4600000356,7788001,NHG-1012,master,NHG-1012,NHG-1012,7.99,7.99,5060213450127,5060213450127,47,47,active,active,
4400000243,8100000153,4600000367,7788001,NHG-1013,master,NHG-1013,NHG-1013,15.99,14.99,5060213450134,5060213450134,0,8,active,active,price;inventory
4400000250,8100000166,4600000378,7788001,NHG-1020,master,NHG-1020,NHG-1020,1.99,1.99,5060213450202,5060213450202,200,200,active,active,
4400000257,8100000166,4600000389,7788001,NHG-1021,master,NHG-1021,NHG-1021,1.99,1.99,5060213450219,5060213450219,176,176,active,active,
4400000264,8100000166,4600000400,7788001,NHG-1022,master,NHG-1022,NHG-1022,1.99,1.99,5060213450226,5060213450226,5,1,active,active,inventory
4400000271,8100000179,4600000411,7788001,NHG-1030,master,NHG-1030,NHG-1030,22.99,22.99,5060213450301,5060213450301,5,1,active,active,inventory
4400000278,8100000192,4600000422,7788001,NHG-1040,master,NHG-1040,NHG-1040,9.99,9.99,5060213450400,5060213450400,60,60,active,active,
4400000285,8100000192,4600000433,7788001,NHG-1041,master,NHG-1041,NHG-1041,9.99,9.99,5060213450417,5060213450417,0,12,active,active,inventory
4400000292,8100000192,4600000444,7788001,NHG-1042,master,NHG-1042,NHG-1042,9.99,9.99,5060213450424,5060213450424,31,31,active,active,
4400000299,8100000205,4600000455,7788001,NHG-1050,master,NHG-1050,NHG-1050,38.99,38.99,5060213450509,5060213450509,13,13,active,active,
4400000306,8100000205,4600000466,7788001,NHG-1051,master,NHG-1051,NHG-1051,38.99,38.99,5060213450516,5060213450516,9,0,active,active,inventory
4400000313,8100000218,4600000477,7788001,NHG-1060,master,NHG-1060,NHG-1060,4.99,4.99,5060213450608,5060213450608,70,70,active,active,
4400000320,8100000218,4600000488,7788001,NHG-1061,master,NHG-1061,NHG-1061,6.99,7.99,5060213450615,5060213450615,61,61,active,active,price
4400000327,8100000231,4600000499,7788001,NHG-1070,master,NHG-1070,NHG-1070,16.99,16.99,5060213450707,5060213450707,0,0,draft,draft,
4400000334,8100000244,4600000510,7788001,NHG-1071,master,NHG-1071,NHG-1071,5.99,5.99,5060213450714,5060213450714,84,84,active,active,
4400000341,8100000257,4600000521,7788001,NHG-1080,master,NHG-1080,NHG-1080,19.99,19.99,5060213450806,5060213450806,26,26,active,active,
4400000348,8100000270,4600000532,7788001,NHG-1081,master,NHG-1081,NHG-1081,8.99,8.99,5060213450813,5060213450813,41,0,active,archived,inventory;status
4400000355,8100000283,4600000543,7788001,NHG-1011,duplicate,,,7.99,7.99,5060213450110,5060213450110,0,0,archived,archived,
4400000362,8100000296,4600000554,7788001,NHG-1090,master,NHG-1090,NHG-1090,24.99,24.99,0841234509064,0841234509064,20,20,active,active,
4400000369,8100000309,4600000565,7788001,NHG-1091,master,NHG-1091,NHG-1091,14.99,14.99,5060213450912,5060213450912,37,37,active,active,
