email_file,received,sender,subject,category,primary_matter,xref_matters,privilege,flags,box_path,attachments_saved
AAMkdd73cf256d.eml,2026-08-03 09:12,Dana Whitcomb <dwhitcomb@brightwaterfoods.test>,Kestrel shipment records,matter,1001-001,,AC,,box/Clients/1001 Brightwater Foods/1001-001 Kestrel Supply Dispute/Correspondence/2026-08-03_0912_whitcomb_kestrel-shipment-records.eml,box/Clients/1001 Brightwater Foods/1001-001 Kestrel Supply Dispute/Documents/2026-08-03_delivery_logs_mar-may.pdf
AAMkdb8f4d3e27.eml,2026-08-03 14:40,Leah Park <lpark@hartwell-osei.test>,SunHarvest - USPTO office action,matter,1001-002,,AC,,box/Clients/1001 Brightwater Foods/1001-002 SunHarvest Trademark/Correspondence/2026-08-03_1440_park_sunharvest-uspto-office-action.eml,
AAMkc7ec99108d.eml,2026-08-04 10:05,Greg Tolland <gtolland@tolland-law.test>,Brightwater v. Kestrel - proposed protective order,matter,1001-001,,none,,box/Clients/1001 Brightwater Foods/1001-001 Kestrel Supply Dispute/Correspondence/2026-08-04_1005_tolland_brightwater-v-kestrel-proposed-protectiv.eml,box/Clients/1001 Brightwater Foods/1001-001 Kestrel Supply Dispute/Documents/2026-08-04_proposed_protective_order.pdf
AAMk737734d7c1.eml,2026-08-04 11:30,Maria Delgado <mdelgado.home@mailbox.test>,Dad's house,matter,1002-001,,AC,,box/Clients/1002 Delgado Maria/1002-001 Estate of Ricardo Delgado/Correspondence/2026-08-04_1130_delgado_dad-s-house.eml,box/Clients/1002 Delgado Maria/1002-001 Estate of Ricardo Delgado/Documents/2026-08-04_scan_0812.pdf
AAMkda8201e2bd.eml,2026-08-04 16:20,Ravi Iyer <riyer@hartwell-osei.test>,Financial disclosure deadline,matter,1005-001,,AC,,box/Clients/1005 Ostrander Paul/1005-001 Ostrander Divorce/Correspondence/2026-08-04_1620_iyer_financial-disclosure-deadline.eml,
AAMk30965eda32.eml,2026-08-05 08:55,Hank Moreau <hmoreau@northpointlogistics.test>,Dock 7 renewal - landlord counter,matter,1003-002,,AC,,box/Clients/1003 Northpoint Logistics/1003-002 Dock 7 Lease Renewal/Correspondence/2026-08-05_0855_moreau_dock-7-renewal-landlord-counter.eml,box/Clients/1003 Northpoint Logistics/1003-002 Dock 7 Lease Renewal/Documents/2026-08-05_landlord_letter.pdf
AAMkcd2f45e678.eml,2026-08-05 09:40,Anika Brandt <abrandt@hartwell-osei.test>,Tran deposition outline?,matter,1003-001,,WP,ethical-wall,box/Clients/1003 Northpoint Logistics/1003-001 Tran Employment Claim/Correspondence/2026-08-05_0940_brandt_tran-deposition-outline.eml,
AAMk79830c71c2.eml,2026-08-05 13:15,LegalCLE Events <webinar@legalcle-events.test>,Last chance: 3 ethics CLE credits this Thursday,non_matter,,,n/a,,box/_Non_Matter/2026-08-05_1315_events_last-chance-3-ethics-cle-credits-this-th.eml,
AAMk9da13ffe79.eml,2026-08-05 15:02,Elena Varga <evarga@callowaymed.test>,Incident timeline - draft,matter,1004-001,,AC,restricted,box/Restricted/1004 Calloway Medical Group/1004-001 Privacy Investigation/Correspondence/2026-08-05_1502_varga_incident-timeline-draft.eml,box/Restricted/1004 Calloway Medical Group/1004-001 Privacy Investigation/Documents/2026-08-05_incident_timeline_draft.pdf
AAMk2fcb008853.eml,2026-08-06 09:10,Elena Varga <evarga@callowaymed.test>,Heron - diligence responses,matter,1004-002,,AC,,box/Clients/1004 Calloway Medical Group/1004-002 Project Heron Acquisition/Correspondence/2026-08-06_0910_varga_heron-diligence-responses.eml,box/Clients/1004 Calloway Medical Group/1004-002 Project Heron Acquisition/Documents/2026-08-06_diligence_responses.pdf
AAMk7218187993.eml,2026-08-06 10:45,Sam Pryce <sam@blueheronmarina.test>,Heron slip agreement - signature page,matter,1007-001,,AC,,box/Clients/1007 Blue Heron Marina/1007-001 Slip C Lease/Correspondence/2026-08-06_1045_pryce_heron-slip-agreement-signature-page.eml,box/Clients/1007 Blue Heron Marina/1007-001 Slip C Lease/Documents/2026-08-06_sigpage.pdf
AAMk244dabb481.eml,2026-08-06 12:00,Kenji Sato <ksato@satoarch.test>,Contractor invoice dispute - Mill Street,matter,1008-001,,AC,,box/Clients/1008 Sato Architecture/1008-001 Rivera Roofing Dispute/Correspondence/2026-08-06_1200_sato_contractor-invoice-dispute-mill-street.eml,
AAMk8917362f25.eml,2026-08-06 17:30,Fenwick Lane HOA Board <board@fenwicklanehoa.test>,Unit 22 arrears,matter,1006-001,,AC,,box/Clients/1006 Fenwick Lane HOA/1006-001 Assessment Collections/Correspondence/2026-08-06_1730_board_unit-22-arrears.eml,box/Clients/1006 Fenwick Lane HOA/1006-001 Assessment Collections/Documents/2026-08-06_ledger.pdf
AAMke3cf44dd3f.eml,2026-08-07 08:20,Maria Delgado <mdelgado.home@mailbox.test>,Fenwick Lane HOA letter,matter,1002-002,,AC,post-closing;potential-conflict,box/Clients/1002 Delgado Maria/1002-002 Purchase 14 Fenwick Lane/Correspondence/2026-08-07_0820_delgado_fenwick-lane-hoa-letter.eml,box/Clients/1002 Delgado Maria/1002-002 Purchase 14 Fenwick Lane/Documents/2026-08-07_hoa_letter.pdf
AAMk980ab8ab67.eml,2026-08-07 11:00,Greg Tolland <gtolland@tolland-law.test>,RE: Brightwater v. Kestrel - proposed protective order,matter,1001-001,,none,,box/Clients/1001 Brightwater Foods/1001-001 Kestrel Supply Dispute/Correspondence/2026-08-07_1100_tolland_brightwater-v-kestrel-proposed-protectiv.eml,
AAMka2b1852f27.eml,2026-08-07 11:00,Greg Tolland <gtolland@tolland-law.test>,RE: Brightwater v. Kestrel - proposed protective order,duplicate,,,n/a,,box/_Duplicates/2026-08-07_1100_tolland_brightwater-v-kestrel-proposed-protectiv.eml,
AAMk65fb710734.eml,2026-08-10 09:00,Mira Osei <mosei@hartwell-osei.test>,Litigation hold notice - Kestrel dispute,matter,1001-001,,AC,hold,box/Clients/1001 Brightwater Foods/1001-001 Kestrel Supply Dispute/Correspondence/2026-08-10_0900_osei_litigation-hold-notice-kestrel-dispute.eml,box/Clients/1001 Brightwater Foods/1001-001 Kestrel Supply Dispute/Documents/2026-08-10_litigation_hold_notice.pdf
AAMk73f6fa5db8.eml,2026-08-10 14:30,Dana Whitcomb <dwhitcomb@brightwaterfoods.test>,Two things,matter,1001-001,1001-002,AC,hold,box/Clients/1001 Brightwater Foods/1001-001 Kestrel Supply Dispute/Correspondence/2026-08-10_1430_whitcomb_two-things.eml,
AAMkbda7677796.eml,2026-08-11 10:10,Tom Weller <tweller@hartwell-osei.test>,Kestrel production - Bates ranges,matter,1001-001,,WP,hold,box/Clients/1001 Brightwater Foods/1001-001 Kestrel Supply Dispute/Correspondence/2026-08-11_1010_weller_kestrel-production-bates-ranges.eml,
AAMka69d95847e.eml,2026-08-11 13:45,Nina Cole <ncole@colelaborlaw.test>,Tran v. Northpoint - mediation dates,matter,1003-001,,none,ethical-wall,box/Clients/1003 Northpoint Logistics/1003-001 Tran Employment Claim/Correspondence/2026-08-11_1345_cole_tran-v-northpoint-mediation-dates.eml,
AAMk9f28518867.eml,2026-08-11 16:00,Hank Moreau <hmoreau@northpointlogistics.test>,Tran - personnel file,matter,1003-001,,AC,,box/Clients/1003 Northpoint Logistics/1003-001 Tran Employment Claim/Correspondence/2026-08-11_1600_moreau_tran-personnel-file.eml,box/Clients/1003 Northpoint Logistics/1003-001 Tran Employment Claim/Documents/2026-08-11_personnel_excerpt.pdf
AAMkd403d71684.eml,2026-08-12 09:30,Rivera & Sons Accounts <accounts@rivera-sons-roofing.test>,Invoice 4471 overdue,matter,1008-001,,none,,box/Clients/1008 Sato Architecture/1008-001 Rivera Roofing Dispute/Correspondence/2026-08-12_0930_accounts_invoice-4471-overdue.eml,
AAMk108743feb6.eml,2026-08-12 12:20,noreply@boxsync.test,Your storage is 91% full,firm_admin,,,n/a,,box/Firm_Admin/2026-08-12_1220_noreply_your-storage-is-91-full.eml,
AAMk090f3ebdd3.eml,2026-08-12 15:40,Paul Ostrander <paul.ostrander@mailbox.test>,Kids schedule + one more thing,matter,1005-001,,AC,potential-conflict;new-matter-request,box/Clients/1005 Ostrander Paul/1005-001 Ostrander Divorce/Correspondence/2026-08-12_1540_ostrander_kids-schedule-one-more-thing.eml,
AAMke130b17d0b.eml,2026-08-13 08:45,Leah Park <lpark@hartwell-osei.test>,Regulator notification letter - draft v2,matter,1004-001,,AC,restricted,box/Restricted/1004 Calloway Medical Group/1004-001 Privacy Investigation/Correspondence/2026-08-13_0845_park_regulator-notification-letter-draft-v2.eml,
AAMk993deffa38.eml,2026-08-13 10:00,IT Support <it-support@hartwe11-osei.test>,Password expiry - verify now,non_matter,,,n/a,phishing,box/_Non_Matter/2026-08-13_1000_support_password-expiry-verify-now.eml,
AAMkc707b37e14.eml,2026-08-13 14:15,Robert Baines <rbaines@kestrelpack.test>,Request for representation,needs_review,,,n/a,potential-conflict;new-matter-request,box/_Needs_Review/2026-08-13_1415_baines_request-for-representation.eml,
AAMk5376c468ae.eml,2026-08-14 09:05,Dana Whitcomb <dwhitcomb@brightwaterfoods.test>,Board minutes Q2,matter,1001-003,,AC,,box/Clients/1001 Brightwater Foods/1001-003 General Corporate/Correspondence/2026-08-14_0905_whitcomb_board-minutes-q2.eml,box/Clients/1001 Brightwater Foods/1001-003 General Corporate/Documents/2026-08-14_q2_minutes.pdf
AAMk32d7a94ded.eml,2026-08-14 11:25,Greg Tolland <gtolland@tolland-law.test>,Deposition of D. Whitcomb,matter,1001-001,,none,hold,box/Clients/1001 Brightwater Foods/1001-001 Kestrel Supply Dispute/Correspondence/2026-08-14_1125_tolland_deposition-of-d-whitcomb.eml,
AAMk9770c6a5b8.eml,2026-08-14 11:25,Greg Tolland <gtolland@tolland-law.test>,Deposition of D. Whitcomb,duplicate,1001-001,,none,hold;duplicate-retained,box/Clients/1001 Brightwater Foods/1001-001 Kestrel Supply Dispute/Correspondence/2026-08-14_1125_tolland_deposition-of-d-whitcomb_dup.eml,
AAMk3b84e55160.eml,2026-08-17 10:40,Elena Varga <evarga@callowaymed.test>,Board update,matter,1004-001,1004-002,AC,restricted,box/Restricted/1004 Calloway Medical Group/1004-001 Privacy Investigation/Correspondence/2026-08-17_1040_varga_board-update.eml,
AAMk4ba3ea284d.eml,2026-08-17 15:00,Lucy Carter <lcarter@carter-whitfield.test>,Martinez closing docs,needs_review,,,n/a,misdirected,box/_Needs_Review/2026-08-17_1500_carter_martinez-closing-docs.eml,
AAMk017ff12229.eml,2026-08-18 09:30,Mira Osei <mosei@hartwell-osei.test>,Sato - draft demand letter,matter,1008-001,,WP,,box/Clients/1008 Sato Architecture/1008-001 Rivera Roofing Dispute/Correspondence/2026-08-18_0930_osei_sato-draft-demand-letter.eml,
AAMk15a9964aef.eml,2026-08-18 12:00,Sam Pryce <sam@blueheronmarina.test>,Insurance certificate,matter,1007-001,,AC,,box/Clients/1007 Blue Heron Marina/1007-001 Slip C Lease/Correspondence/2026-08-18_1200_pryce_insurance-certificate.eml,box/Clients/1007 Blue Heron Marina/1007-001 Slip C Lease/Documents/2026-08-18_coi.pdf
AAMka775139237.eml,2026-08-18 16:45,Hank Moreau <hmoreau@northpointlogistics.test>,Dock 7 - and one more thing,matter,1003-002,1003-001,AC,ethical-wall,box/Clients/1003 Northpoint Logistics/1003-002 Dock 7 Lease Renewal/Correspondence/2026-08-18_1645_moreau_dock-7-and-one-more-thing.eml,
AAMk684735af1c.eml,2026-08-19 10:00,Maria Delgado <mdelgado.home@mailbox.test>,Probate court date,matter,1002-001,,AC,,box/Clients/1002 Delgado Maria/1002-001 Estate of Ricardo Delgado/Correspondence/2026-08-19_1000_delgado_probate-court-date.eml,
AAMk8dff666589.eml,2026-08-19 13:30,Maria Delgado <mdelgado.home@mailbox.test>,New question,needs_review,,,n/a,new-matter-request,box/_Needs_Review/2026-08-19_1330_delgado_new-question.eml,
AAMkeefee5a5b2.eml,2026-08-20 08:10,Mail Delivery Subsystem <mailer-daemon@mx.hartwell-osei.test>,Undeliverable: Financial disclosure deadline,matter,1005-001,,none,delivery-failure,box/Clients/1005 Ostrander Paul/1005-001 Ostrander Divorce/Correspondence/2026-08-20_0810_subsystem_undeliverable-financial-disclosure-deadl.eml,
AAMk15d7185dda.eml,2026-08-20 11:45,Dana Whitcomb <dwhitcomb@brightwaterfoods.test>,April emails,matter,1001-001,,AC,hold,box/Clients/1001 Brightwater Foods/1001-001 Kestrel Supply Dispute/Correspondence/2026-08-20_1145_whitcomb_april-emails.eml,box/Clients/1001 Brightwater Foods/1001-001 Kestrel Supply Dispute/Documents/2026-08-20_april_emails.pdf
AAMk41b53302fc.eml,2026-08-20 15:20,Leah Park <lpark@hartwell-osei.test>,SunHarvest response filed,matter,1001-002,,AC,,box/Clients/1001 Brightwater Foods/1001-002 SunHarvest Trademark/Correspondence/2026-08-20_1520_park_sunharvest-response-filed.eml,
AAMkc250b601fc.eml,2026-08-21 09:00,Joan Kline <jkline@klinefamilylaw.test>,Proposed parenting plan,matter,1005-001,,none,,box/Clients/1005 Ostrander Paul/1005-001 Ostrander Divorce/Correspondence/2026-08-21_0900_kline_proposed-parenting-plan.eml,box/Clients/1005 Ostrander Paul/1005-001 Ostrander Divorce/Documents/2026-08-21_parenting_plan.pdf
AAMk833acb6266.eml,2026-08-21 14:00,Fenwick Lane HOA Board <board@fenwicklanehoa.test>,Transfer fee - unit 14,matter,1006-001,,AC,potential-conflict,box/Clients/1006 Fenwick Lane HOA/1006-001 Assessment Collections/Correspondence/2026-08-21_1400_board_transfer-fee-unit-14.eml,
AAMk0749fe85b0.eml,2026-08-24 10:30,Kenji Sato <ksato@satoarch.test>,Rivera mediation?,matter,1008-001,,AC,,box/Clients/1008 Sato Architecture/1008-001 Rivera Roofing Dispute/Correspondence/2026-08-24_1030_sato_rivera-mediation.eml,
AAMk9011fa2ac0.eml,2026-08-24 13:00,Carla Ruiz <cruiz@hartwell-osei.test>,Q3 billing deadline,firm_admin,,,n/a,,box/Firm_Admin/2026-08-24_1300_ruiz_q3-billing-deadline.eml,
AAMk1bc42b7170.eml,2026-08-24 16:10,Elena Varga <evarga@callowaymed.test>,Escrow instructions,matter,1004-002,,AC,,box/Clients/1004 Calloway Medical Group/1004-002 Project Heron Acquisition/Correspondence/2026-08-24_1610_varga_escrow-instructions.eml,box/Clients/1004 Calloway Medical Group/1004-002 Project Heron Acquisition/Documents/2026-08-24_escrow_instructions.pdf
AAMk1b66809a11.eml,2026-08-25 09:20,Sam Pryce <sam@blueheronmarina.test>,Heron fuel dock incident,needs_review,,,n/a,new-matter-request,box/_Needs_Review/2026-08-25_0920_pryce_heron-fuel-dock-incident.eml,
AAMk4ad8b9b45c.eml,2026-08-25 11:00,Greg Tolland <gtolland@tolland-law.test>,Settlement discussion (FRE 408),matter,1001-001,,none,hold,box/Clients/1001 Brightwater Foods/1001-001 Kestrel Supply Dispute/Correspondence/2026-08-25_1100_tolland_settlement-discussion-fre-408.eml,
AAMk1162f28d1a.eml,2026-08-25 15:30,Mira Osei <mosei@hartwell-osei.test>,Settlement strategy - privileged,matter,1001-001,,AC,hold,box/Clients/1001 Brightwater Foods/1001-001 Kestrel Supply Dispute/Correspondence/2026-08-25_1530_osei_settlement-strategy-privileged.eml,
AAMk04f542441d.eml,2026-08-26 09:45,Hank Moreau <hmoreau@northpointlogistics.test>,Tran mediation - authority,matter,1003-001,,AC,,box/Clients/1003 Northpoint Logistics/1003-001 Tran Employment Claim/Correspondence/2026-08-26_0945_moreau_tran-mediation-authority.eml,
AAMkafd8e94b15.eml,2026-08-26 12:30,Law Weekly <newsletter@lawweekly.test>,This week in employment law,non_matter,,,n/a,,box/_Non_Matter/2026-08-26_1230_weekly_this-week-in-employment-law.eml,
AAMk360023b682.eml,2026-08-27 10:15,Maria Delgado <mdelgado.home@mailbox.test>,scan0047,matter,1002-001,,AC,,box/Clients/1002 Delgado Maria/1002-001 Estate of Ricardo Delgado/Correspondence/2026-08-27_1015_delgado_scan0047.eml,box/Clients/1002 Delgado Maria/1002-001 Estate of Ricardo Delgado/Documents/2026-08-27_scan0047.pdf
AAMked35b00a54.eml,2026-08-27 14:00,Hank Moreau <hmoreau@northpointlogistics.test>,fwd,matter,1003-002,,AC,,box/Clients/1003 Northpoint Logistics/1003-002 Dock 7 Lease Renewal/Correspondence/2026-08-27_1400_moreau_fwd.eml,box/Clients/1003 Northpoint Logistics/1003-002 Dock 7 Lease Renewal/Documents/2026-08-27_scan0103.pdf
AAMk0de90794df.eml,2026-08-28 09:00,Dana Whitcomb <dwhitcomb@brightwaterfoods.test>,photos,matter,1001-002,,AC,,box/Clients/1001 Brightwater Foods/1001-002 SunHarvest Trademark/Correspondence/2026-08-28_0900_whitcomb_photos.eml,box/Clients/1001 Brightwater Foods/1001-002 SunHarvest Trademark/Documents/2026-08-28_IMG_2211.pdf
AAMk6078511608.eml,2026-08-28 11:30,Elena Varga <evarga@callowaymed.test>,doc,matter,1004-001,,AC,restricted,box/Restricted/1004 Calloway Medical Group/1004-001 Privacy Investigation/Correspondence/2026-08-28_1130_varga_doc.eml,box/Restricted/1004 Calloway Medical Group/1004-001 Privacy Investigation/Documents/2026-08-28_doc_0828.pdf
AAMkb5faf8cda9.eml,2026-08-31 10:00,Kenji Sato <ksato@satoarch.test>,Scan,matter,1008-001,,AC,,box/Clients/1008 Sato Architecture/1008-001 Rivera Roofing Dispute/Correspondence/2026-08-31_1000_sato_scan.eml,box/Clients/1008 Sato Architecture/1008-001 Rivera Roofing Dispute/Documents/2026-08-31_scan_lien.pdf
AAMk6b65bd9acb.eml,2026-09-01 13:00,Paul Ostrander <paul.ostrander@mailbox.test>,scan,matter,1005-001,,AC,,box/Clients/1005 Ostrander Paul/1005-001 Ostrander Divorce/Correspondence/2026-09-01_1300_ostrander_scan.eml,box/Clients/1005 Ostrander Paul/1005-001 Ostrander Divorce/Documents/2026-09-01_statement_jul.pdf
AAMk9012b2a414.eml,2026-09-02 16:00,Sam Pryce <sam@blueheronmarina.test>,Re: Heron,matter,1007-001,,AC,,box/Clients/1007 Blue Heron Marina/1007-001 Slip C Lease/Correspondence/2026-09-02_1600_pryce_heron.eml,box/Clients/1007 Blue Heron Marina/1007-001 Slip C Lease/Documents/2026-09-02_receipt.pdf
AAMk32a123f501.eml,2026-09-03 09:30,Jonah Hartwell <jhartwell@hartwell-osei.test>,"Heron - board approved, closing checklist",matter,1004-002,,AC,,box/Clients/1004 Calloway Medical Group/1004-002 Project Heron Acquisition/Correspondence/2026-09-03_0930_hartwell_heron-board-approved-closing-checklist.eml,
AAMkacc74c7ccf.eml,2026-09-04 10:00,Northstar Insurance Claims <claims@northstar-insurance.test>,"Certificate required - Northpoint Logistics, Dock 7",matter,1003-002,,none,,box/Clients/1003 Northpoint Logistics/1003-002 Dock 7 Lease Renewal/Correspondence/2026-09-04_1000_claims_certificate-required-northpoint-logistic.eml,
AAMk5645100358.eml,2026-09-08 15:00,Anika Brandt <abrandt@hartwell-osei.test>,Dock 7 - signature blocks,matter,1003-002,,AC,,box/Clients/1003 Northpoint Logistics/1003-002 Dock 7 Lease Renewal/Correspondence/2026-09-08_1500_brandt_dock-7-signature-blocks.eml,
AAMk4f164f1513.eml,2026-09-10 09:00,Priya Iyer <priya.iyer@mailbox.test>,Dinner Friday?,non_matter,,,n/a,,box/_Non_Matter/2026-09-10_0900_iyer_dinner-friday.eml,
AAMk03552454f1.eml,2026-09-14 11:00,Greg Tolland <gtolland@tolland-law.test>,Kestrel - document production vol. 2,matter,1001-001,,none,hold,box/Clients/1001 Brightwater Foods/1001-001 Kestrel Supply Dispute/Correspondence/2026-09-14_1100_tolland_kestrel-document-production-vol-2.eml,box/Clients/1001 Brightwater Foods/1001-001 Kestrel Supply Dispute/Documents/2026-09-14_production_vol2_index.pdf
AAMk68f6cdb2f8.eml,2026-09-21 10:30,Maria Delgado <mdelgado.home@mailbox.test>,Bakery LLC - name ideas,needs_review,,,n/a,new-matter-request,box/_Needs_Review/2026-09-21_1030_delgado_bakery-llc-name-ideas.eml,
AAMkecc20ef164.eml,2026-09-25 16:00,Dana Whitcomb <dwhitcomb@brightwaterfoods.test>,Old April mailbox,matter,1001-001,,AC,hold;attorney-action,box/Clients/1001 Brightwater Foods/1001-001 Kestrel Supply Dispute/Correspondence/2026-09-25_1600_whitcomb_old-april-mailbox.eml,
