Stock Code,Description,Supplier A/C,Supplier Part Ref,Tax Code,Sales Price,Qty In Stock,Qty Allocated,Barcode,Weight,Inactive
NHG-1001,Glazed Plant Pot – Small,TERRACOT,TT-110,T1,7.5,40,5,5060213450011,1.2,No
NHG-1002,Glazed Plant Pot – Medium,TERRACOT,TT-111,T1,11.25,25,3,5060213450028,2.4,No
NHG-1003,Glazed Plant Pot – Large,TERRACOT,TT-112,T1,18.33,12,0,5.06021E+12,4.8,No
NHG-1010,Bamboo Garden Kneeler,GREENLIN,GL-201,T1,10.83,30,2,5060213450103,0.6,No
NHG-1011,Stainless Hand Trowel,GREENLIN,GL-202,T1,6.25,55,0,5060213450110,0.3,No
NHG-1012,Stainless Hand Fork,GREENLIN,GL-203,T1,6.25,48,1,5060213450127,0.3,No
NHG-1013 ,Bypass Pruning Shears,GREENLIN,GL-204,T1,12.49,20,22,5060213450134,0.25,No
NHG-1020,Organic Herb Seeds – Basil,GREENLIN,GL-301,T0,1.65,200,0,5060213450202,0.02,No
NHG-1021,Organic Herb Seeds – Parsley,GREENLIN,GL-302,T0,1.65,180,4,5060213450219,0.02,No
NHG-1022,Organic Herb Seeds – Coriander,GREENLIN,GL-303,T0,1.65,6,1,5060213450226,0.02,No
NHG-1030,Herb Garden Starter Kit,,,T1,19.17,0,0,5060213450301,1.6,No
NHG-1040,Soy Wax Candle – Fig,HEARTHHO,HH-501,T1,8.33,60,0,5060213450400,0.45,No
NHG-1041,Soy Wax Candle – Cedar,HEARTHHO,HH-502,T1,8.33,-4,0,5060213450417,0.45,No
NHG-1042,Soy Wax Candle – Linen,HEARTHHO,HH-503,T1,8.33,33,2,5060213450417,0.45,No
NHG-1050,Wool Throw – Charcoal,HEARTHHO,HH-610,T1,32.5,14,1,5.06021E+12,1.1,No
NHG-1051,Wool Throw – Oat,HEARTHHO,HH-611,T1,32.5,9,0,5060213450516,1.1,No
NHG-1060,Gardening Gloves – Children's,GREENLIN,GL-410,T0,4.99,70,0,5060213450608,0.1,No
NHG-1061,Gardening Gloves – Adult,GREENLIN,GL-411,T1,5.83,64,3,5060213450616,0.12,No
NHG-1070,Hanging Bird Feeder,HEARTHHO,HH-720,T1,13.75,18,0,5060213450707,0.9,Yes
NHG-1071,Wild Bird Seed Mix 2kg,GREENLIN,GL-501,T1,4.58,90,6,5060213450714,2,No
NHG-1080,Coir Doormat,TERRACOT,TT-130,T1,15,26,0,5060213450806,2.1,No
NHG-1081,Garden Kneeling Pad,GREENLIN,GL-205,T1,7.49,41,0,,0.4,No
NHG-1090,LED Solar Lantern,HEARTHHO,HH-801,T1,20.83,22,2,841234509064,0.9,No
NHG-1091,Solar Fairy Lights,HEARTHHO,HH-802,T1,12.49,37,0,5060213450912,0.35,No
,,,,,,,,,,
