matter_no,client_no,client_name,client_folder,matter_name,matter_folder,responsible_attorney,status,closed_date,notes
1001-001,1001,Brightwater Brands Inc.,1001 Brightwater Brands,Brightwater v. Kestrel Packaging – supply contract dispute,1001-001 Kestrel Supply Dispute,Mira Osei,open,,Litigation hold from 2026-08-10. Adverse party: Kestrel Packaging Ltd (counsel: Tolland Law). Client renamed from Brightwater Foods Inc. per memo_04 (2026-10-01).
1001-002,1001,Brightwater Brands Inc.,1001 Brightwater Brands,SunHarvest trademark application,1001-002 SunHarvest Trademark,Leah Park,open,,Client renamed from Brightwater Foods Inc. per memo_04 (2026-10-01).
1001-003,1001,Brightwater Brands Inc.,1001 Brightwater Brands,General corporate and board matters,1001-003 General Corporate,Jonah Hartwell,open,,Client renamed from Brightwater Foods Inc. per memo_04 (2026-10-01).
1002-001,1002,Maria Delgado,1002 Delgado Maria,Estate of Ricardo Delgado – probate,1002-001 Estate of Ricardo Delgado,Ravi Iyer,open,,Estate property: 88 Alder Street.
1002-002,1002,Maria Delgado,1002 Delgado Maria,Purchase of 14 Fenwick Lane,1002-002 Purchase 14 Fenwick Lane,Ravi Iyer,closed,2026-06-30,
1002-003,1002,Maria Delgado,1002 Delgado Maria,Formation of Delgado Bakery LLC,1002-003 Delgado Bakery LLC Formation,Ravi Iyer,open,,Opened per memo_01 (2026-09-28); conflicts cleared.
1003-001,1003,Northpoint Logistics LLC,1003 Northpoint Logistics,Tran v. Northpoint Logistics – employment claim,1003-001 Tran Employment Claim,Mira Osei,open,,ETHICAL WALL: Anika Brandt is screened from this matter (since 2026-07-01). ETHICAL WALL: Tom Weller is screened from this matter (since 2026-08-15) [memo_03]. Adverse: Jessica Tran (counsel: Cole Labor Law).
1003-002,1003,Northpoint Logistics LLC,1003 Northpoint Logistics,Dock 7 lease renewal,1003-002 Dock 7 Lease Renewal,Jonah Hartwell,open,,
1004-001,1004,Calloway Medical Group PC,1004 Calloway Medical Group,Data access incident – privacy investigation,1004-001 Privacy Investigation,Leah Park,open,,RESTRICTED matter.
1004-002,1004,Calloway Medical Group PC,1004 Calloway Medical Group,Acquisition of Riverside Imaging (code name: Project Heron),1004-002 Project Heron Acquisition,Jonah Hartwell,open,,
1005-001,1005,Paul Ostrander,1005 Ostrander Paul,Ostrander v. Ostrander – divorce,1005-001 Ostrander Divorce,Ravi Iyer,open,,
1006-001,1006,Fenwick Lane Homeowners Association,1006 Fenwick Lane HOA,Assessment collections,1006-001 Assessment Collections,Leah Park,open,,
1007-001,1007,Blue Heron Marina LLC,1007 Blue Heron Marina,Slip C lease agreement,1007-001 Slip C Lease,Jonah Hartwell,open,,
1007-002,1007,Blue Heron Marina LLC,1007 Blue Heron Marina,Fuel dock damage claim,1007-002 Fuel Dock Damage Claim,Jonah Hartwell,open,,Opened per memo_02 (2026-09-29).
1008-001,1008,Sato Architecture PLLC,1008 Sato Architecture,Fee dispute with Rivera & Sons Roofing (210 Mill Street),1008-001 Rivera Roofing Dispute,Mira Osei,open,,
